Datetime,Water Level (m)
2025-09-18 00:00:00,0.62704104
2025-09-18 01:00:00,0.5620895
2025-09-18 02:00:00,0.5152936
2025-09-18 03:00:00,0.4781602
2025-09-18 04:00:00,0.4542057
2025-09-18 05:00:00,0.45335138
2025-09-18 06:00:00,0.51553583
2025-09-18 07:00:00,0.6360142
2025-09-18 08:00:00,0.78665316
2025-09-18 09:00:00,0.93736666
2025-09-18 10:00:00,1.042333
2025-09-18 11:00:00,1.0884119
2025-09-18 12:00:00,1.0382315
2025-09-18 13:00:00,0.96913123
2025-09-18 14:00:00,0.91409856
2025-09-18 15:00:00,0.8683893
2025-09-18 16:00:00,0.8307757
2025-09-18 17:00:00,0.8014203
2025-09-18 18:00:00,0.7801638
2025-09-18 19:00:00,0.7934135
2025-09-18 20:00:00,0.8788568
2025-09-18 21:00:00,1.0064577
2025-09-18 22:00:00,1.1249709
2025-09-18 23:00:00,1.1824841
2025-09-19 00:00:00,1.1739829
2025-09-19 01:00:00,1.1308323
2025-09-19 02:00:00,1.0850463
2025-09-19 03:00:00,1.0431588
2025-09-19 04:00:00,1.0059392
2025-09-19 05:00:00,0.9738717
2025-09-19 06:00:00,0.9484374
2025-09-19 07:00:00,0.9478678
2025-09-19 08:00:00,1.0254306
2025-09-19 09:00:00,1.160886
2025-09-19 10:00:00,1.2933468
2025-09-19 11:00:00,1.3701582
2025-09-19 12:00:00,1.3639754
2025-09-19 13:00:00,1.3097997
2025-09-19 14:00:00,1.2512193
2025-09-19 15:00:00,1.1989868
2025-09-19 16:00:00,1.1529005
2025-09-19 17:00:00,1.1138213
2025-09-19 18:00:00,1.079466
2025-09-19 19:00:00,1.0533367
2025-09-19 20:00:00,1.0644138
2025-09-19 21:00:00,1.1541485
2025-09-19 22:00:00,1.2822711
2025-09-19 23:00:00,1.3770351
2025-09-20 00:00:00,1.3981124
2025-09-20 01:00:00,1.3607328
2025-09-20 02:00:00,1.3074987
2025-09-20 03:00:00,1.2549459
2025-09-20 04:00:00,1.2088735
2025-09-20 05:00:00,1.16776
2025-09-20 06:00:00,1.1322732
2025-09-20 07:00:00,1.1041224
2025-09-20 08:00:00,1.1145182
2025-09-20 09:00:00,1.2154585
2025-09-20 10:00:00,1.356857
2025-09-20 11:00:00,1.4689593
2025-09-20 12:00:00,1.4981457
2025-09-20 13:00:00,1.4554774
2025-09-20 14:00:00,1.3948306
2025-09-20 15:00:00,1.3361377
2025-09-20 16:00:00,1.2835327
2025-09-20 17:00:00,1.2370617
2025-09-20 18:00:00,1.1966299
2025-09-20 19:00:00,1.1605273
2025-09-20 20:00:00,1.1407303
2025-09-20 21:00:00,1.1865153
2025-09-20 22:00:00,1.3132122
2025-09-20 23:00:00,1.4401459
2025-09-21 00:00:00,1.5017018
2025-09-21 01:00:00,1.4812564
2025-09-21 02:00:00,1.4248091
2025-09-21 03:00:00,1.3654045
2025-09-21 04:00:00,1.3109974
2025-09-21 05:00:00,1.2629622
2025-09-21 06:00:00,1.2201226
2025-09-21 07:00:00,1.1830211
2025-09-21 08:00:00,1.1580182
2025-09-21 09:00:00,1.1933632
2025-09-21 10:00:00,1.3211261
2025-09-21 11:00:00,1.4623891
2025-09-21 12:00:00,1.5458237
2025-09-21 13:00:00,1.5371795
2025-09-21 14:00:00,1.4783713
2025-09-21 15:00:00,1.413746
2025-09-21 16:00:00,1.353939
2025-09-21 17:00:00,1.3022503
2025-09-21 18:00:00,1.2569026
2025-09-21 19:00:00,1.215673
2025-09-21 20:00:00,1.1833405
2025-09-21 21:00:00,1.1913111
2025-09-21 22:00:00,1.2965328
2025-09-21 23:00:00,1.4395012
2025-09-22 00:00:00,1.5428739
2025-09-22 01:00:00,1.5550755
2025-09-22 02:00:00,1.5031396
2025-09-22 03:00:00,1.4380097
2025-09-22 04:00:00,1.3757703
2025-09-22 05:00:00,1.3207959
2025-09-22 06:00:00,1.2728357
2025-09-22 07:00:00,1.2303903
2025-09-22 08:00:00,1.1949446
2025-09-22 09:00:00,1.1882827
2025-09-22 10:00:00,1.2744647
2025-09-22 11:00:00,1.4209163
2025-09-22 12:00:00,1.5430629
2025-09-22 13:00:00,1.5758561
2025-09-22 14:00:00,1.5285376
2025-09-22 15:00:00,1.4616901
2025-09-22 16:00:00,1.3970257
2025-09-22 17:00:00,1.3400621
2025-09-22 18:00:00,1.2898278
2025-09-22 19:00:00,1.2452081
2025-09-22 20:00:00,1.2065737
2025-09-22 21:00:00,1.1862987
2025-09-22 22:00:00,1.2495258
2025-09-22 23:00:00,1.3931445
2025-09-23 00:00:00,1.5303818
2025-09-23 01:00:00,1.5868001
2025-09-23 02:00:00,1.554064
2025-09-23 03:00:00,1.4867523
2025-09-23 04:00:00,1.4204003
2025-09-23 05:00:00,1.361675
2025-09-23 06:00:00,1.3102927
2025-09-23 07:00:00,1.2649827
2025-09-23 08:00:00,1.2254546
2025-09-23 09:00:00,1.1987599
2025-09-23 10:00:00,1.2405765
2025-09-23 11:00:00,1.3762124
2025-09-23 12:00:00,1.5195458
2025-09-23 13:00:00,1.5955921
2025-09-23 14:00:00,1.5751791
2025-09-23 15:00:00,1.5084221
2025-09-23 16:00:00,1.4396247
2025-09-23 17:00:00,1.3775615
2025-09-23 18:00:00,1.3229553
2025-09-23 19:00:00,1.2752001
2025-09-23 20:00:00,1.2332004
2025-09-23 21:00:00,1.2003987
2025-09-23 22:00:00,1.2188139
2025-09-23 23:00:00,1.3449992
2025-09-24 00:00:00,1.4985086
